Batch Size,Repeat Number,Time Taken (seconds)
2,1,0.28914904594421387
100,1,0.2355668544769287
500,1,0.31957483291625977
1000,1,0.5234475135803223
5000,1,2.6732447147369385
20000,1,12.029263973236084
60000,1,35.602291107177734
