Batch Size,Repeat Number,Time Taken (seconds)
2,1,0.2692742347717285
100,1,0.325028657913208
500,1,0.364513635635376
1000,1,0.42494940757751465
5000,1,0.969111442565918
10000,1,1.7029273509979248
20000,1,3.306938648223877
40000,1,6.5667736530303955
50000,1,8.197056293487549
60000,1,9.73028039932251
