Batch Size,Repeat Number,Time Taken (seconds)
2,1,0.14903593063354492
100,1,0.266693115234375
500,1,0.05817055702209473
1000,1,0.1072225570678711
5000,1,0.8098444938659668
20000,1,3.207057476043701
60000,1,9.802519083023071
